-- phpMyAdmin SQL Dump
-- version 4.9.5
-- https://www.phpmyadmin.net/
--
-- Host: localhost:3306
-- Generation Time: 08 มิ.ย. 2021 เมื่อ 03:48 PM
-- เวอร์ชันของเซิร์ฟเวอร์: 10.3.16-MariaDB
-- PHP Version: 7.3.23

SET SQL_MODE = "NO_AUTO_VALUE_ON_ZERO";
SET AUTOCOMMIT = 0;
START TRANSACTION;
SET time_zone = "+00:00";


/*!40101 SET @OLD_CHARACTER_SET_CLIENT=@@CHARACTER_SET_CLIENT */;
/*!40101 SET @OLD_CHARACTER_SET_RESULTS=@@CHARACTER_SET_RESULTS */;
/*!40101 SET @OLD_COLLATION_CONNECTION=@@COLLATION_CONNECTION */;
/*!40101 SET NAMES utf8mb4 */;

--
-- Database: `id16349131_admin_weboil`
--
CREATE DATABASE IF NOT EXISTS `id16349131_admin_weboil` DEFAULT CHARACTER SET utf8 COLLATE utf8_unicode_ci;
USE `id16349131_admin_weboil`;

-- --------------------------------------------------------

--
-- โครงสร้างตาราง `bank_type`
--

CREATE TABLE `bank_type` (
  `id` int(11) NOT NULL,
  `bank_name` varchar(255) DEFAULT NULL,
  `bank_s` varchar(255) DEFAULT NULL
) ENGINE=InnoDB DEFAULT CHARSET=utf8;

--
-- dump ตาราง `bank_type`
--

INSERT INTO `bank_type` (`id`, `bank_name`, `bank_s`) VALUES
(1, 'ธนาคารกรุงเทพ', 'BBL'),
(2, 'ธนาคารกสิกรไทย', 'KBANK'),
(3, 'ธนาคารกรุงไทย', 'KTB'),
(4, 'ธนาคารทหารไทย', 'TMB'),
(5, 'ธนาคารไทยพาณิชย์', 'SCB'),
(6, 'ธนาคารกรุงศรีอยุธยา', 'BAY');

-- --------------------------------------------------------

--
-- โครงสร้างตาราง `chat`
--

CREATE TABLE `chat` (
  `chat_id` int(11) NOT NULL,
  `message` varchar(5000) DEFAULT NULL,
  `from_id` varchar(500) DEFAULT NULL,
  `to_id` varchar(500) DEFAULT NULL,
  `status` int(1) DEFAULT NULL,
  `data_time` timestamp NOT NULL DEFAULT current_timestamp() ON UPDATE current_timestamp()
) ENGINE=InnoDB DEFAULT CHARSET=utf8;

--
-- dump ตาราง `chat`
--

INSERT INTO `chat` (`chat_id`, `message`, `from_id`, `to_id`, `status`, `data_time`) VALUES
(1, 'สวัสดีครับ', '10207617313946822', '3', 1, '2021-02-19 17:18:38'),
(2, '...', '10207617313946822', '3', 1, '2021-02-19 17:19:01'),
(3, 'สวัสดีค่ะ', '3', '10207617313946822', 1, '2021-02-19 17:19:17'),
(4, 'ทักครับ', '10207617313946822', '3', 1, '2021-02-19 17:19:44'),
(5, 'ค่ะ', '3', '10207617313946822', 1, '2021-02-19 17:19:53'),
(6, 'สวัสดีครับ', '10207617313946822', '3', 1, '2021-02-19 17:21:07'),
(7, 'สวัสดีค่ะ', '3', '10207617313946822', 1, '2021-02-19 17:21:25'),
(8, 'อยากสอบถามสินค้าหน่อยครับ', '10207617313946822', '3', 1, '2021-02-19 17:21:36'),
(9, 'สนใจเป็นสินค้าชิ้นไหนเหรอคะ ?', '3', '10207617313946822', 1, '2021-02-19 17:21:56'),
(10, 'เจปังหมายเลข 44 ครับ', '10207617313946822', '3', 1, '2021-02-19 17:22:18'),
(11, '...', '3', '10207617313946822', 1, '2021-02-19 17:22:24'),
(12, '....', '4', '3', 1, '2021-03-05 14:41:12'),
(13, '....', '10207617313946822', '3', 1, '2021-03-05 14:41:31'),
(14, 'ทดสอบ 1', '10207617313946822', '3', 1, '2021-03-05 14:41:41'),
(15, 'ทอดสอบ 1', '3', '10207617313946822', 1, '2021-03-05 14:41:47'),
(16, 'ทดสอบ 1', '4', '3', 1, '2021-03-05 14:46:32'),
(17, 'ทอสอบ 1', '3', '4', 1, '2021-03-05 14:46:37'),
(18, 'ทดสอบ', '4', '3', 1, '2021-03-05 14:49:07'),
(19, 'ทดสอบ', '3', '4', 1, '2021-03-05 14:49:15'),
(20, 'ทดสอบ', '4', '3', 1, '2021-03-05 14:51:02'),
(21, 'ทดสอบ', '3', '4', 1, '2021-03-05 14:51:15'),
(22, '...', '3', '4', 1, '2021-03-05 14:51:19'),
(23, 'ทดสอบ on Web', '4', '3', 1, '2021-03-10 15:49:50'),
(24, '..............', '3', '4', 1, '2021-03-10 16:49:27'),
(25, 'ที่ร้านมีปังกระโหลกมั้ยคะ', '4', '3', 1, '2021-03-10 16:51:33'),
(26, 'ไม่มีเลยคะคุณลูกค้า', '3', '4', 1, '2021-03-10 16:52:16'),
(27, '............................................', '7', '3', 1, '2021-03-13 04:27:48'),
(28, 'กหดกด', '9999', '3', 1, '2021-03-13 08:09:53'),
(29, 'หกดหกด', '9999', '3', 1, '2021-03-13 08:09:56'),
(30, 'หกด', '9999', '3', 1, '2021-03-13 08:10:07'),
(31, 'ฮัลโหลๆๆๆๆ', '3', '4', 1, '2021-03-13 08:34:20'),
(32, 'สวัสดีคะ', '4', '3', 1, '2021-03-13 10:47:24'),
(33, 'Djdndj', '4', '3', 1, '2021-03-14 05:36:27'),
(34, 'กดกด', '9999', '3', 1, '2021-03-16 07:37:13'),
(35, 'llllll', '4', '3', 1, '2021-03-23 11:31:26'),
(36, ';;;\';', '3808617309230248', '3', 1, '2021-03-23 11:38:32'),
(37, '00000', '3', '4', 1, '2021-04-03 14:28:50');

-- --------------------------------------------------------

--
-- โครงสร้างตาราง `noti_bar`
--

CREATE TABLE `noti_bar` (
  `id` int(11) NOT NULL,
  `order_id` int(255) DEFAULT NULL,
  `type` int(255) DEFAULT NULL,
  `date` timestamp NOT NULL DEFAULT current_timestamp() ON UPDATE current_timestamp(),
  `n` varchar(255) DEFAULT NULL
) ENGINE=InnoDB DEFAULT CHARSET=utf8;

--
-- dump ตาราง `noti_bar`
--

INSERT INTO `noti_bar` (`id`, `order_id`, `type`, `date`, `n`) VALUES
(1, 60, 1, '2021-02-27 11:11:11', '0'),
(2, 61, 1, '2021-02-27 11:11:11', '0'),
(3, 61, 2, '2021-02-27 11:11:11', '0'),
(4, 62, 1, '2021-02-27 11:11:11', '0'),
(5, 62, 2, '2021-02-27 11:11:11', '0'),
(6, 63, 1, '2021-02-27 11:16:47', '0'),
(7, 63, 2, '2021-02-27 11:16:47', '0'),
(8, 64, 1, '2021-02-27 11:16:47', '0'),
(9, 65, 1, '2021-02-27 11:16:47', '0'),
(10, 66, 1, '2021-02-27 11:21:49', '0'),
(11, 67, 1, '2021-02-27 11:22:13', '0'),
(12, 67, 2, '2021-02-27 11:25:05', '0'),
(13, 68, 1, '2021-02-27 11:25:05', '0'),
(14, 69, 1, '2021-02-27 11:25:05', '0'),
(15, 70, 1, '2021-02-27 11:25:05', '0'),
(16, 68, 2, '2021-02-27 11:25:39', '0'),
(17, 71, 1, '2021-02-27 11:35:34', '0'),
(18, 72, 1, '2021-02-27 11:35:34', '0'),
(19, 73, 1, '2021-02-27 11:36:32', '0'),
(20, 74, 1, '2021-02-27 11:37:07', '0'),
(21, 75, 1, '2021-02-27 11:37:34', '0'),
(22, 76, 1, '2021-02-27 11:42:46', '0'),
(23, 76, 2, '2021-02-27 11:43:17', '0'),
(24, 77, 1, '2021-02-27 11:45:46', '0'),
(25, 78, 1, '2021-02-27 11:45:46', '0'),
(26, 77, 2, '2021-02-27 11:46:51', '0'),
(27, 79, 1, '2021-02-27 11:48:12', '0'),
(28, 80, 1, '2021-02-27 12:01:43', '0'),
(29, 81, 1, '2021-02-27 12:02:03', '0'),
(30, 82, 1, '2021-02-27 12:02:23', '0'),
(31, 83, 1, '2021-02-27 12:02:57', '0'),
(32, 84, 1, '2021-02-27 12:05:15', '0'),
(33, 85, 1, '2021-02-27 12:05:15', '0'),
(34, 85, 2, '2021-02-27 12:05:39', '0'),
(35, 84, 2, '2021-02-27 12:06:54', '0'),
(36, 86, 1, '2021-02-27 12:08:00', '0'),
(37, 87, 1, '2021-02-27 12:10:01', '0'),
(38, 88, 1, '2021-02-27 12:22:57', '0'),
(39, 89, 1, '2021-02-27 12:22:57', '0'),
(40, 90, 1, '2021-02-27 12:22:57', '0'),
(41, 91, 1, '2021-02-27 12:22:57', '0'),
(42, 92, 1, '2021-02-27 12:23:45', '0'),
(43, 93, 1, '2021-02-27 12:24:39', '0'),
(44, 92, 2, '2021-02-27 12:25:12', '0'),
(45, 94, 1, '2021-02-27 12:26:03', '0'),
(46, 94, 2, '2021-02-27 12:26:27', '0'),
(47, 95, 1, '2021-03-10 15:22:49', '0'),
(48, 97, 1, '2021-03-11 09:04:18', '0'),
(49, 98, 1, '2021-03-11 09:04:18', '0'),
(50, 99, 1, '2021-03-11 12:40:21', '0'),
(51, 99, 2, '2021-03-11 12:40:21', '0'),
(52, 100, 1, '2021-03-13 08:12:48', '0'),
(53, 101, 1, '2021-03-13 08:12:48', '0'),
(54, 102, 1, '2021-03-13 08:33:28', '0'),
(55, 103, 1, '2021-03-13 08:35:08', '0'),
(56, 104, 1, '2021-03-13 08:46:17', '0'),
(57, 104, 2, '2021-03-13 08:46:17', '0'),
(58, 105, 1, '2021-03-13 08:46:17', '0'),
(59, 106, 1, '2021-03-13 09:54:18', '0'),
(60, 106, 2, '2021-03-13 09:54:18', '0'),
(61, 107, 1, '2021-03-13 09:54:18', '0'),
(62, 108, 1, '2021-03-13 09:54:18', '0'),
(63, 108, 2, '2021-03-13 09:54:18', '0'),
(64, 109, 1, '2021-03-13 10:58:41', '0'),
(65, 110, 1, '2021-03-13 10:58:41', '0'),
(66, 111, 1, '2021-03-13 10:58:41', '0'),
(67, 112, 1, '2021-03-13 11:05:48', '0'),
(68, 113, 1, '2021-03-13 11:13:26', '0'),
(69, 114, 1, '2021-03-13 11:16:31', '0'),
(70, 115, 1, '2021-03-13 12:08:32', '0'),
(71, 115, 2, '2021-03-13 12:08:32', '0'),
(72, 109, 2, '2021-03-13 12:11:39', '0'),
(73, 116, 1, '2021-03-13 12:19:37', '0'),
(74, 116, 2, '2021-03-13 12:20:20', '0'),
(75, 117, 1, '2021-03-13 12:49:54', '0'),
(76, 117, 2, '2021-03-13 12:49:54', '0'),
(77, 118, 1, '2021-03-21 00:36:37', '0'),
(78, 119, 1, '2021-03-21 00:36:37', '0'),
(79, 140, 1, '2021-03-23 11:09:40', '0'),
(80, 141, 1, '2021-03-23 11:09:40', '0'),
(81, 142, 1, '2021-03-23 11:09:40', '0'),
(82, 143, 1, '2021-03-23 11:09:40', '0'),
(83, 144, 1, '2021-03-23 11:09:40', '0'),
(84, 153, 1, '2021-03-23 11:09:40', '0'),
(85, 154, 1, '2021-03-23 11:09:40', '0'),
(86, 155, 1, '2021-03-25 14:42:29', '0'),
(87, 155, 2, '2021-03-25 14:42:29', '0'),
(88, 1, 1, '2021-03-25 17:46:22', '0'),
(89, 1, 2, '2021-03-25 17:47:24', '0'),
(90, 2, 1, '2021-03-25 18:00:32', '0'),
(91, 2, 2, '2021-03-25 18:00:32', '0'),
(92, 3, 1, '2021-03-25 18:00:32', '0'),
(93, 4, 1, '2021-03-25 18:03:54', '0'),
(94, 5, 1, '2021-04-03 14:07:53', '0'),
(95, 6, 1, '2021-04-03 14:28:28', '0'),
(96, 7, 1, '2021-04-03 14:28:28', '0'),
(97, 6, 2, '2021-04-03 14:28:28', '0'),
(98, 8, 1, '2021-04-03 14:35:30', '0'),
(99, 8, 2, '2021-04-03 14:35:30', '0'),
(100, 9, 1, '2021-04-03 15:12:53', '0'),
(101, 9, 2, '2021-04-03 15:12:53', '0'),
(102, 10, 1, '2021-04-06 15:27:58', '0'),
(103, 11, 1, '2021-04-06 15:27:58', '0'),
(104, 11, 2, '2021-04-06 15:27:58', '0'),
(105, 12, 1, '2021-04-08 17:32:27', '0'),
(106, 13, 1, '2021-04-08 17:32:27', '0'),
(107, 14, 1, '2021-04-09 12:08:02', '0'),
(108, 15, 1, '2021-04-09 12:08:02', '0'),
(109, 16, 1, '2021-04-14 04:42:58', '0'),
(110, 16, 2, '2021-04-14 04:42:58', '0'),
(111, 17, 1, '2021-04-14 04:42:58', '0'),
(112, 18, 1, '2021-04-14 04:42:58', '0'),
(113, 19, 1, '2021-04-14 04:42:58', '0'),
(114, 20, 1, '2021-04-21 14:48:47', '0'),
(115, 21, 1, '2021-04-21 14:48:47', '0'),
(116, 21, 2, '2021-04-21 14:48:47', '0'),
(117, 22, 1, '2021-04-21 14:48:47', '0'),
(118, 22, 2, '2021-04-21 14:48:47', '0'),
(119, 23, 1, '2021-04-23 12:04:11', '0'),
(120, 24, 1, '2021-04-23 12:04:11', '0'),
(121, 24, 2, '2021-04-23 12:04:11', '0'),
(122, 25, 1, '2021-05-07 15:28:10', '0'),
(123, 25, 2, '2021-05-07 15:28:10', '0'),
(124, 26, 1, '2021-05-07 15:28:10', '0'),
(125, 26, 2, '2021-05-07 15:28:10', '0'),
(126, 27, 1, '2021-05-07 15:28:10', '0'),
(127, 27, 2, '2021-05-07 15:34:27', '0'),
(128, 39, 1, '2021-05-08 16:02:00', '0'),
(129, 39, 2, '2021-05-08 16:02:00', '0'),
(130, 40, 1, '2021-05-08 16:02:00', '0'),
(131, 40, 2, '2021-05-08 16:02:00', '0'),
(132, 41, 1, '2021-05-12 12:48:09', '0'),
(133, 41, 2, '2021-05-12 12:48:09', '0'),
(134, 42, 1, '2021-05-18 12:23:51', '0'),
(135, 42, 2, '2021-05-18 12:23:51', '0'),
(136, 43, 1, '2021-05-20 13:49:24', '0'),
(137, 43, 2, '2021-05-20 13:49:24', '0'),
(138, 44, 1, '2021-05-20 13:49:24', '0'),
(139, 44, 2, '2021-05-20 13:49:24', '0'),
(140, 45, 1, '2021-05-20 13:49:24', '0'),
(141, 45, 2, '2021-05-20 13:49:24', '0'),
(142, 46, 1, '2021-06-01 12:19:58', '0'),
(143, 47, 1, '2021-06-01 12:19:58', '0'),
(144, 48, 1, '2021-06-01 12:19:58', '0'),
(145, 49, 1, '2021-06-01 12:19:58', '0'),
(146, 50, 1, '2021-06-01 12:19:58', '0'),
(147, 51, 1, '2021-06-01 12:19:58', '0'),
(148, 51, 2, '2021-06-01 12:19:58', '0'),
(149, 51, 2, '2021-06-01 12:19:58', '0'),
(150, 51, 2, '2021-06-01 12:19:58', '0'),
(151, 51, 2, '2021-06-01 12:19:58', '0'),
(152, 51, 2, '2021-06-01 12:19:58', '0'),
(153, 52, 1, '2021-06-01 12:19:58', '0'),
(154, 52, 2, '2021-06-01 12:19:58', '0'),
(155, 53, 1, '2021-06-01 12:19:58', '0'),
(156, 54, 1, '2021-06-01 12:19:58', '0'),
(157, 54, 2, '2021-06-01 12:19:58', '0'),
(158, 55, 1, '2021-06-01 12:19:58', '0'),
(159, 55, 2, '2021-06-01 12:19:58', '0'),
(160, 56, 1, '2021-06-01 13:37:42', '0'),
(161, 56, 2, '2021-06-01 13:37:42', '0'),
(162, 57, 1, '2021-06-01 13:37:42', '0'),
(163, 57, 2, '2021-06-01 13:37:42', '0'),
(164, 58, 1, '2021-06-06 05:03:53', '0'),
(165, 58, 2, '2021-06-06 05:03:53', '0'),
(166, 59, 1, '2021-06-06 05:03:53', '0'),
(167, 59, 2, '2021-06-06 05:03:53', '0'),
(168, 60, 1, '2021-06-06 07:31:00', '1'),
(169, 60, 2, '2021-06-06 07:31:45', '1'),
(170, 61, 1, '2021-06-06 07:32:22', '1'),
(171, 61, 2, '2021-06-06 07:32:57', '1'),
(172, 62, 1, '2021-06-06 07:47:16', '1'),
(173, 62, 2, '2021-06-06 07:47:40', '1');

-- --------------------------------------------------------

--
-- Stand-in structure for view `noti_ul`
-- (See below for the actual view)
--
CREATE TABLE `noti_ul` (
`OrderID` int(11)
,`OrderDate` timestamp
,`MemberID` varchar(255)
,`notification_FK` int(255)
,`notification_type` int(255)
,`read_status` int(255)
,`accept_FK` int(255)
,`Price` decimal(10,2)
,`Number` int(255)
,`sum` decimal(65,2)
,`PayStatus_W` varchar(50)
,`ProductID` int(255)
,`p_name` varchar(200)
,`total` int(11)
);

-- --------------------------------------------------------

--
-- โครงสร้างตาราง `orderdetails`
--

CREATE TABLE `orderdetails` (
  `detail_id` int(255) NOT NULL,
  `OrderID` int(255) DEFAULT NULL,
  `Number` int(255) DEFAULT NULL,
  `Price` decimal(10,2) DEFAULT NULL,
  `ProductID` int(255) DEFAULT NULL,
  `total` int(11) NOT NULL
) ENGINE=InnoDB DEFAULT CHARSET=utf8 ROW_FORMAT=DYNAMIC;

--
-- dump ตาราง `orderdetails`
--

INSERT INTO `orderdetails` (`detail_id`, `OrderID`, `Number`, `Price`, `ProductID`, `total`) VALUES
(1, 1, 5, 25.00, 16, 160),
(2, 1, 1, 35.00, 21, 160),
(3, 2, 1, 35.00, 21, 25),
(4, 3, 1, 280.00, 22, 280),
(5, 4, 1, 35.00, 21, 35),
(6, 5, 10, 35.00, 21, 330),
(7, 6, 1, 280.00, 24, 280),
(8, 7, 1, 35.00, 21, 35),
(9, 8, 1, 380.00, 23, 380),
(10, 9, 1, 380.00, 25, 380),
(11, 10, 1, 280.00, 22, 280),
(12, 11, 1, 380.00, 25, 380),
(13, 12, 1, 280.00, 22, 280),
(14, 13, 10, 12.00, 27, 120),
(15, 14, 1, 280.00, 22, 280),
(16, 15, 1, 380.00, 23, 380),
(17, 16, 5, 35.00, 21, 15),
(18, 17, 1, 35.00, 21, 35),
(19, 18, 1, 280.00, 22, 280),
(20, 19, 5, 12.00, 28, 60),
(21, 20, 1, 35.00, 21, 35),
(22, 21, 10, 12.00, 27, 120),
(23, 22, 1, 280.00, 22, 270),
(24, 23, 1, 380.00, 23, 524),
(25, 23, 12, 12.00, 27, 524),
(26, 24, 1, 380.00, 23, 330),
(27, 25, 1, 380.00, 23, 380),
(28, 26, 10, 25.00, 16, 240),
(29, 26, 1, 0.00, 16, 240),
(30, 27, 10, 35.00, 21, 610),
(31, 27, 1, 0.00, 21, 610),
(32, 27, 1, 280.00, 22, 610),
(33, 39, 1, 280.00, 24, 280),
(34, 40, 1, 380.00, 23, 470),
(35, 40, 10, 12.00, 27, 470),
(36, 40, 1, 0.00, 27, 470),
(37, 41, 12, 12.00, 27, 144),
(38, 41, 1, 0.00, 27, 144),
(39, 42, 1, 380.00, 25, 395),
(40, 42, 1, 15.00, 37, 395),
(41, 43, 1, 380.00, 23, 460),
(42, 43, 10, 12.00, 29, 460),
(43, 43, 1, 0.00, 29, 460),
(44, 44, 1, 35.00, 21, 35),
(45, 45, 12, 12.00, 26, 144),
(46, 45, 1, 0.00, 26, 144),
(50, 49, 1, 280.00, 22, 280),
(51, 50, 1, 35.00, 21, 35),
(52, 51, 1, 380.00, 23, 380),
(53, 52, 1, 280.00, 22, 280),
(55, 54, 10, 35.00, 21, 300),
(56, 54, 1, 0.00, 21, 300),
(57, 55, 1, 380.00, 23, 500),
(58, 55, 10, 12.00, 27, 500),
(59, 55, 1, 0.00, 27, 500),
(60, 56, 1, 380.00, 23, 204),
(61, 56, 12, 12.00, 27, 204),
(62, 56, 1, 0.00, 27, 204),
(63, 57, 1, 380.00, 25, 395),
(64, 57, 1, 15.00, 37, 395),
(65, 58, 1, 25.00, 16, 169),
(66, 58, 12, 12.00, 27, 169),
(67, 58, 1, 0.00, 27, 169),
(68, 59, 1, 25.00, 16, 169),
(69, 59, 12, 12.00, 27, 169),
(70, 59, 1, 0.00, 27, 169),
(71, 60, 1, 280.00, 22, 280),
(72, 61, 1, 380.00, 23, 380),
(73, 62, 14, 25.00, 16, 350),
(74, 62, 1, 0.00, 16, 350);

-- --------------------------------------------------------

--
-- โครงสร้างตาราง `orders`
--

CREATE TABLE `orders` (
  `OrderID` int(11) NOT NULL,
  `Total` double DEFAULT NULL,
  `OrderDate` timestamp NULL DEFAULT NULL,
  `ShippingMethod` varchar(200) COLLATE utf8_unicode_ci DEFAULT NULL,
  `Delivery_S` varchar(50) COLLATE utf8_unicode_ci DEFAULT NULL,
  `Delivery_C` varchar(50) COLLATE utf8_unicode_ci DEFAULT NULL,
  `Parcel_Num` varchar(30) COLLATE utf8_unicode_ci DEFAULT NULL,
  `DateDeliver` datetime DEFAULT NULL,
  `DatePay` datetime DEFAULT NULL,
  `Dates` datetime DEFAULT NULL,
  `MapLocation` varchar(255) COLLATE utf8_unicode_ci DEFAULT NULL,
  `Time` time DEFAULT NULL,
  `Bankname` varchar(100) COLLATE utf8_unicode_ci DEFAULT NULL,
  `PayStatus_W` varchar(50) COLLATE utf8_unicode_ci NOT NULL,
  `PayStatus_E` varchar(50) COLLATE utf8_unicode_ci DEFAULT NULL,
  `PayStatus_P` varchar(50) COLLATE utf8_unicode_ci DEFAULT NULL,
  `OrderHistory` varchar(100) COLLATE utf8_unicode_ci DEFAULT NULL,
  `MemberID` varchar(255) COLLATE utf8_unicode_ci NOT NULL,
  `PointsNumber` int(11) DEFAULT NULL,
  `notification_FK` int(255) DEFAULT NULL,
  `notification_type` int(255) DEFAULT NULL,
  `read_status` int(255) DEFAULT NULL,
  `accept_FK` int(255) DEFAULT NULL,
  `lat` varchar(255) COLLATE utf8_unicode_ci DEFAULT NULL COMMENT 'latitude',
  `lng` varchar(255) COLLATE utf8_unicode_ci DEFAULT NULL COMMENT 'longitude',
  `cus_name` varchar(255) COLLATE utf8_unicode_ci NOT NULL,
  `phone_order` varchar(10) COLLATE utf8_unicode_ci NOT NULL
) ENGINE=InnoDB DEFAULT CHARSET=utf8 COLLATE=utf8_unicode_ci ROW_FORMAT=DYNAMIC;

--
-- dump ตาราง `orders`
--

INSERT INTO `orders` (`OrderID`, `Total`, `OrderDate`, `ShippingMethod`, `Delivery_S`, `Delivery_C`, `Parcel_Num`, `DateDeliver`, `DatePay`, `Dates`, `MapLocation`, `Time`, `Bankname`, `PayStatus_W`, `PayStatus_E`, `PayStatus_P`, `OrderHistory`, `MemberID`, `PointsNumber`, `notification_FK`, `notification_type`, `read_status`, `accept_FK`, `lat`, `lng`, `cus_name`, `phone_order`) VALUES
(1, NULL, '2021-03-25 17:46:16', NULL, NULL, NULL, NULL, NULL, NULL, NULL, '466/225', NULL, NULL, '2', NULL, NULL, NULL, '4', NULL, 0, 1, 0, 3, '17.432576', '102.74734079999999', 'useroil lasoil', '0123456789'),
(2, NULL, '2021-03-25 17:48:56', NULL, NULL, NULL, NULL, NULL, NULL, NULL, '466/225', NULL, NULL, '2', NULL, NULL, NULL, '4', NULL, 0, 1, 1, 3, '17.432576', '102.74734079999999', 'useroil lasoil', '0123456789'),
(3, NULL, '2021-03-25 18:00:21', NULL, NULL, NULL, NULL, NULL, NULL, NULL, '466/225', NULL, NULL, '0', NULL, NULL, NULL, '4', NULL, 0, 1, 0, 0, '17.432576', '102.74734079999999', 'useroil lasoil', '0123456789'),
(4, NULL, '2021-03-26 01:02:23', NULL, NULL, NULL, NULL, NULL, NULL, NULL, '466/225', NULL, NULL, '0', NULL, NULL, NULL, '4', NULL, 0, 1, 0, 0, '17.432576', '102.74734079999999', 'useroil lasoil', '0123456789'),
(5, NULL, '2021-04-03 20:59:24', NULL, NULL, NULL, NULL, NULL, NULL, NULL, '466/225', NULL, NULL, '0', NULL, NULL, NULL, '4', NULL, 0, 1, 1, 0, '17.444438899999998', '102.8703378', 'useroil lasoil', '0123456789'),
(6, NULL, '2021-04-03 21:20:14', NULL, NULL, NULL, NULL, NULL, NULL, NULL, '466/225', NULL, NULL, '2', NULL, NULL, NULL, '4', NULL, 0, 1, 1, 3, '15.870032000000002', '100.99254099999999', 'useroil lasoil', '0123456789'),
(7, NULL, '2021-04-03 21:25:42', NULL, NULL, NULL, NULL, NULL, NULL, NULL, '466/225', NULL, NULL, '', NULL, NULL, NULL, '4', NULL, 0, 1, 1, 0, '17.661952', '102.45242879999999', 'useroil lasoil', '0123456789'),
(8, NULL, '2021-04-03 21:33:34', NULL, NULL, NULL, NULL, NULL, NULL, NULL, '466/225', NULL, NULL, '2', NULL, NULL, NULL, '4', NULL, 0, 1, 1, 3, '15.870032000000002', '100.99254099999999', 'useroil lasoil', '0123456789'),
(9, NULL, '2021-04-03 22:05:48', NULL, NULL, NULL, NULL, NULL, NULL, NULL, '466/225', NULL, NULL, '2', NULL, NULL, NULL, '4', NULL, 0, 1, 0, 3, '17.444406999999998', '102.87030589999999', 'useroil lasoil', '0123456789'),
(10, NULL, '2021-04-06 22:16:00', NULL, NULL, NULL, NULL, NULL, NULL, NULL, '466/225', NULL, NULL, '', NULL, NULL, NULL, '4', NULL, 0, 1, 1, 0, '17.661952', '102.45242879999999', 'useroil lasoil', '0123456789'),
(11, NULL, '2021-04-06 22:26:13', NULL, NULL, NULL, NULL, NULL, NULL, NULL, '466/225', NULL, NULL, '2', NULL, NULL, NULL, '4', NULL, 0, 1, 0, 3, '17.4444181', '102.870309', 'useroil lasoil', '0934142369'),
(12, NULL, '2021-04-07 23:38:51', NULL, NULL, NULL, NULL, NULL, NULL, NULL, '466/225', NULL, NULL, '', NULL, NULL, NULL, '4', NULL, 0, 1, 1, 0, '17.413841299999998', '102.7872325', 'useroil lasoil', '0123456789'),
(13, NULL, '2021-04-07 23:42:56', NULL, NULL, NULL, NULL, NULL, NULL, NULL, '466/225', NULL, NULL, '', NULL, NULL, NULL, '4', NULL, 0, 1, 1, 0, '17.4444171', '102.8702866', 'useroil lasoil', '0614644923'),
(14, NULL, '2021-04-09 11:34:26', NULL, NULL, NULL, NULL, NULL, NULL, NULL, 'ทดสอบระบบ', NULL, NULL, '', NULL, NULL, NULL, '10207752359802884', NULL, 0, 1, 1, 0, '17.4194688', '102.55073279999999', 'Saven Todd ', '0123456789'),
(15, NULL, '2021-04-09 11:36:51', NULL, NULL, NULL, NULL, NULL, NULL, NULL, '10207617313946822', NULL, NULL, '', NULL, NULL, NULL, '13', NULL, 0, 1, 1, 0, '17.4194688', '102.55073279999999', '7LS 1234567890', '0123456789'),
(16, NULL, '2021-04-11 09:36:52', NULL, NULL, NULL, NULL, NULL, NULL, NULL, '466/225', NULL, NULL, '1', NULL, NULL, NULL, '4', NULL, 0, 1, 0, 0, '17.444408', '102.8703012', 'useroil lasoil', '0614644923'),
(17, NULL, '2021-04-12 13:41:46', NULL, NULL, NULL, NULL, NULL, NULL, NULL, '1234567878/1235484', NULL, NULL, '', NULL, NULL, NULL, '10207752359802884', NULL, 0, 1, 1, 0, '17.4194688', '102.55073279999999', 'Saven Todd ', '0926925965'),
(18, NULL, '2021-04-12 13:42:47', NULL, NULL, NULL, NULL, NULL, NULL, NULL, '10207617313946822', NULL, NULL, '', NULL, NULL, NULL, '13', NULL, 0, 1, 0, 0, '17.4194688', '102.55073279999999', '7LS 1234567890', '0213851381'),
(19, NULL, '2021-04-13 11:38:04', NULL, NULL, NULL, NULL, NULL, NULL, NULL, '466/225', NULL, NULL, '', NULL, NULL, NULL, '4', NULL, 0, 1, 1, 0, '17.4444102', '102.8703037', 'useroil lasoil', '0614644923'),
(20, NULL, '2021-04-15 13:45:12', NULL, NULL, NULL, NULL, NULL, NULL, NULL, '466/225', NULL, NULL, '0', NULL, NULL, NULL, '4', NULL, 0, 1, 1, 0, '17.4335917', '102.7480011', 'useroil lasoil', '0123456789'),
(21, NULL, '2021-04-15 13:47:44', NULL, NULL, NULL, NULL, NULL, NULL, NULL, '466/225', NULL, NULL, '2', NULL, NULL, NULL, '4', NULL, 0, 1, 1, 3, '17.4444043', '102.8702894', 'useroil lasoil', '0614644923'),
(22, NULL, '2021-04-21 21:47:41', NULL, NULL, NULL, NULL, NULL, NULL, NULL, '466/225', NULL, NULL, '2', NULL, NULL, NULL, '4', NULL, 0, 1, 1, 3, '17.4444066', '102.8702885', 'useroil lasoil', '0614644923'),
(23, NULL, '2021-04-23 18:51:56', NULL, NULL, NULL, NULL, NULL, NULL, NULL, '466/225', NULL, NULL, '0', NULL, NULL, NULL, '4', NULL, 0, 1, 1, 0, '16.4036608', '102.77355519999999', 'useroil lasoil', '0614644923'),
(24, NULL, '2021-04-23 19:00:46', NULL, NULL, NULL, NULL, NULL, NULL, NULL, '466/225', NULL, NULL, '2', NULL, NULL, NULL, '4', NULL, 0, 1, 1, 3, '17.4444436', '102.87034039999999', 'useroil lasoil', '0123456789'),
(25, NULL, '2021-04-23 19:10:30', NULL, NULL, NULL, NULL, NULL, NULL, NULL, '466/225', NULL, NULL, '2', NULL, NULL, NULL, '4', NULL, 0, 1, 0, 3, '16.4036608', '102.77355519999999', 'useroil lasoil', '0123456789'),
(26, NULL, '2021-05-01 20:47:30', NULL, NULL, NULL, NULL, NULL, NULL, NULL, '466/225', NULL, NULL, '2', NULL, NULL, NULL, '4', 1, 0, 1, 0, 0, '17.429299200000003', '102.744064', 'useroil lasoil', '0123456789'),
(27, NULL, '2021-05-07 22:22:20', NULL, NULL, NULL, NULL, NULL, NULL, NULL, '466/225', NULL, NULL, '2', NULL, NULL, NULL, '4', 0, 0, 1, 0, 0, '17.4444034', '102.87029659999999', 'useroil lasoil', '0614644923'),
(39, NULL, '2021-05-08 13:28:03', NULL, NULL, NULL, NULL, NULL, NULL, NULL, '466/225', NULL, NULL, '2', NULL, NULL, NULL, '4', 0, 0, 1, 1, 3, '17.432576', '102.74734079999999', 'useroil lasoil', '0123456789'),
(40, NULL, '2021-05-08 23:00:51', NULL, NULL, NULL, NULL, NULL, NULL, NULL, '466/225', NULL, NULL, '2', NULL, NULL, NULL, '4', 3, 0, 1, 0, 3, '17.4444048', '102.8702713', 'useroil lasoil', '0614644923'),
(41, NULL, '2021-05-12 19:45:19', NULL, NULL, NULL, NULL, NULL, NULL, NULL, '466/225', NULL, NULL, '2', NULL, NULL, NULL, '4', 0, 0, 1, 1, 3, '17.4443941', '102.8702706', 'useroil lasoil', '0614644923'),
(42, NULL, '2021-05-18 19:21:59', NULL, NULL, NULL, NULL, NULL, NULL, NULL, '466/225', NULL, NULL, '2', NULL, NULL, NULL, '4', 0, 0, 1, 0, 3, '17.4444137', '102.8703001', 'useroil lasoil', '0614644923'),
(43, NULL, '2021-05-18 19:32:43', NULL, NULL, NULL, NULL, NULL, NULL, NULL, '466/225', NULL, NULL, '2', NULL, NULL, NULL, '4', 4, 0, 1, 1, 2, '17.4493306', '102.8629998', 'useroil lasoil', '0614644923'),
(44, NULL, '2021-05-18 19:35:19', NULL, NULL, NULL, NULL, NULL, NULL, NULL, '466/225', NULL, NULL, '2', NULL, NULL, NULL, '4', 0, 0, 1, 1, 3, '17.4493306', '102.8629998', 'useroil lasoil', '0614644923'),
(45, NULL, '2021-05-20 20:38:22', NULL, NULL, NULL, NULL, NULL, NULL, NULL, '466/225', NULL, NULL, '2', NULL, NULL, NULL, '4', 0, 0, 1, 0, 3, '17.444440300000004', '102.8703387', 'useroil lasoil', '0614644923'),
(49, NULL, '2021-05-21 17:17:18', NULL, NULL, NULL, NULL, NULL, NULL, NULL, '466/225', NULL, NULL, '0', NULL, NULL, NULL, '4', 0, 0, 1, 1, 5, '17.432576', '102.74734079999999', 'useroil lasoil', '0123456789'),
(50, NULL, '2021-05-21 17:18:51', NULL, NULL, NULL, NULL, NULL, NULL, NULL, '466/225', NULL, NULL, '0', NULL, NULL, NULL, '4', 0, 0, 1, 1, 5, '17.432576', '102.74734079999999', 'useroil lasoil', '0123456789'),
(51, NULL, '2021-05-21 17:19:34', NULL, NULL, NULL, NULL, NULL, NULL, NULL, '466/225', NULL, NULL, '2', NULL, NULL, NULL, '4', 0, 0, 1, 1, 3, '17.432576', '102.74734079999999', 'useroil lasoil', '0123456789'),
(52, NULL, '2021-05-21 18:29:14', NULL, NULL, NULL, NULL, NULL, NULL, NULL, '466/225', NULL, NULL, '2', NULL, NULL, NULL, '4', 0, 0, 1, 0, 3, '17.432576', '102.74734079999999', 'useroil lasoil', '0123456789'),
(54, NULL, '2021-05-28 18:49:07', NULL, NULL, NULL, NULL, NULL, NULL, NULL, '466/225', NULL, NULL, '2', NULL, NULL, NULL, '4', 5, 0, 1, 1, 3, '17.444374099999997', '102.87026840000001', 'useroil lasoil', '0614644923'),
(55, NULL, '2021-06-01 19:18:31', NULL, NULL, NULL, NULL, NULL, NULL, NULL, '466/225', NULL, NULL, '2', NULL, NULL, NULL, '4', 0, 0, 1, 1, 3, '17.4443759', '102.87029509999999', 'useroil lasoil', '0614644923'),
(56, NULL, '2021-06-01 20:20:33', NULL, NULL, NULL, NULL, NULL, NULL, NULL, '447', NULL, NULL, '2', NULL, NULL, NULL, '10007', 30, 0, 1, 0, 3, '17.4443716', '102.8702529', 'วรรณศิริ สุขเสน', '0945154789'),
(57, NULL, '2021-06-01 20:36:14', NULL, NULL, NULL, NULL, NULL, NULL, NULL, '447', NULL, NULL, '2', NULL, NULL, NULL, '10007', 0, 0, 1, 0, 3, '17.444362299999998', '102.87027549999999', 'วรรณศิริ สุขเสน', '0945154789'),
(58, NULL, '2021-06-06 11:11:47', NULL, NULL, NULL, NULL, NULL, NULL, NULL, '466/225', NULL, NULL, '2', NULL, NULL, NULL, '4', 0, 0, 1, 1, 2, '17.444401799999998', '102.8702952', 'useroil lasoil', '0614644923'),
(59, NULL, '2021-06-06 11:43:35', NULL, NULL, NULL, NULL, NULL, NULL, NULL, '466/225', NULL, NULL, '2', NULL, NULL, NULL, '4', 0, 0, 1, 1, 2, '17.4443972', '102.87025969999999', 'useroil lasoil', '0614644923'),
(60, NULL, '2021-06-06 14:30:59', NULL, NULL, NULL, NULL, NULL, NULL, NULL, 'asd', NULL, NULL, '1', NULL, NULL, NULL, '3', 0, 1, 1, 1, 2, '17.399808', '102.7964928', 'oiloil oil', '0927751284'),
(61, NULL, '2021-06-06 14:32:22', NULL, NULL, NULL, NULL, NULL, NULL, NULL, 'tyj', NULL, NULL, '2', NULL, NULL, NULL, '3', 0, 1, 1, 1, 2, '17.399808', '102.7964928', 'oiloil oil', '5261840899'),
(62, NULL, '2021-06-06 14:47:15', NULL, NULL, NULL, NULL, NULL, NULL, NULL, '466/225', NULL, NULL, '1', NULL, NULL, NULL, '4', 0, 1, 1, 1, 2, '17.4443795', '102.8703086', 'useroil lasoil', '0614644923');

-- --------------------------------------------------------

--
-- โครงสร้างตาราง `payment`
--

CREATE TABLE `payment` (
  `id` int(11) NOT NULL,
  `order_id` int(11) DEFAULT NULL,
  `pay_date` date DEFAULT NULL,
  `pay_time` time DEFAULT NULL,
  `payfrom` int(2) DEFAULT NULL,
  `payto` int(2) DEFAULT NULL,
  `last_payment_id` varchar(4) DEFAULT NULL,
  `img` varchar(5000) DEFAULT NULL
) ENGINE=InnoDB DEFAULT CHARSET=utf8;

--
-- dump ตาราง `payment`
--

INSERT INTO `payment` (`id`, `order_id`, `pay_date`, `pay_time`, `payfrom`, `payto`, `last_payment_id`, `img`) VALUES
(10, 49, '2021-02-25', '23:46:29', 1, 1, '1234', '152959872_3608112525973004_2453258197845154484_o.jpg'),
(11, 51, '2021-02-26', '01:18:00', 1, 2, '1234', NULL),
(12, 52, '2021-02-26', '01:22:00', 1, 1, '1234', '5be804e6cae7a99f23f3ec4d26d18131.jpg'),
(13, 53, '2021-02-26', '01:28:00', 1, 1, '1234', '161816071520210226_012808.jpg'),
(14, 54, '2021-02-27', '14:43:00', 1, 1, '1234', '132025651620210227_144314.jpg'),
(15, 55, '2021-02-27', '14:45:00', 1, 1, '1234', '1804554720210227_144541.jpg'),
(16, 57, '2021-02-27', '17:20:00', 2, 1, '1234', '158061082120210227_172006.jpg'),
(17, 58, '2021-02-27', '17:28:00', 2, 1, '1234', '152630160720210227_172809.jpg'),
(18, 61, '2021-02-27', '17:57:00', 3, 1, '1234', '25187937920210227_175742.png'),
(19, 62, '2021-02-27', '18:06:00', 1, 2, '1234', '52380251920210606_144740.png'),
(20, 63, '2021-02-27', '18:14:00', 1, 1, '1234', '51902090820210227_181458.jpg'),
(21, 67, '2021-02-27', '18:22:00', 2, 2, '1234', '144074975220210227_182229.jpg'),
(22, 68, '2021-02-27', '18:25:00', 2, 2, '1234', '64835966320210227_182533.jpg'),
(23, 76, '2021-02-27', '18:43:00', 2, 2, '1234', '188937863520210227_184310.jpg'),
(24, 77, '2021-02-27', '18:46:00', 2, 1, '1234', '18653964620210227_184643.jpg'),
(25, 85, '2021-02-27', '19:05:00', 1, 1, '1234', '207313102720210227_190533.jpg'),
(26, 84, '2021-02-27', '19:06:00', 2, 2, '1234', '20954459420210227_190648.jpg'),
(27, 92, '2021-02-27', '19:25:00', 2, 2, '1234', '13567640520210227_192509.jpg'),
(28, 94, '2021-02-27', '19:26:00', 1, 2, '1234', '152090988720210227_192622.jpg'),
(29, 99, '2021-03-11', '17:52:00', 3, 1, '9140', '47269397220210311_175321.png'),
(30, 104, '2021-03-03', '15:38:00', 1, 1, '4859', '169315211720210313_153811.gif'),
(31, 106, '2021-03-13', '15:49:00', 1, 1, '9514', '54697075220210313_154942.jpg'),
(32, 108, '2021-03-13', '16:52:00', 3, 1, '9514', '98434061220210313_165216.png'),
(33, 115, '2021-03-13', '19:08:00', 3, 1, '9514', '171933082220210313_190754.png'),
(34, 109, '2021-03-13', '19:10:00', 7, 7, '3616', ''),
(35, 116, '2021-03-13', '19:19:00', 7, 7, '833S', ''),
(36, 117, '2021-03-13', '19:48:00', 3, 1, '9514', '161848494820210313_194835.png'),
(37, 155, '2021-03-23', '18:29:00', 3, 1, '9514', '39193625320210323_182948.png'),
(38, 1, '2021-03-26', '00:46:00', 7, 7, '2053', ''),
(39, 2, '2021-03-26', '00:48:00', 7, 7, '643N', ''),
(40, 6, '2021-04-03', '21:27:00', 3, 1, '9514', '44700223520210403_212754.png'),
(41, 8, '2021-04-03', '21:33:00', 1, 1, '1235', '165959862020210403_213412.jpg'),
(42, 9, '2021-04-03', '22:12:00', 7, 7, '093B', ''),
(43, 11, '2021-04-06', '22:26:00', 3, 1, '2346', '14021475620210406_222650.jpeg'),
(44, 16, '2021-04-11', '09:37:00', 1, 1, '1923', '79117174520210411_093740.jpeg'),
(45, 21, '2021-04-15', '13:47:00', 1, 1, '9140', '3490092720210415_134813.jpeg'),
(46, 22, '2021-04-21', '21:48:00', 1, 1, '2345', '170036886720210421_214818.jpeg'),
(47, 24, '2021-04-23', '19:01:00', 7, 7, '180M', ''),
(48, 25, '2021-04-23', '19:10:00', 1, 1, '9514', '184372405020210423_191049.png'),
(49, 26, '2021-05-01', '20:48:00', 7, 7, '880B', ''),
(50, 27, '2021-05-07', '22:33:00', 7, 7, '480T', ''),
(51, 39, '2021-05-08', '13:29:00', 7, 7, '601N', ''),
(52, 40, '2021-05-08', '23:01:00', 7, 7, '1740', ''),
(53, 41, '2021-05-12', '19:46:00', 7, 7, '923J', ''),
(54, 42, '2021-05-18', '19:22:00', 7, 7, '744N', ''),
(55, 43, '2021-05-18', '19:33:00', 7, 7, '941W', ''),
(56, 44, '2021-05-18', '19:36:00', 7, 7, '421B', ''),
(57, 45, '2021-05-20', '20:39:00', 7, 7, '920X', ''),
(58, 51, '2021-04-21', '17:53:00', 7, 7, '3608', ''),
(59, 51, '2021-04-21', '17:54:00', 7, 7, '964H', ''),
(60, 51, '2021-04-21', '17:56:00', 7, 7, '193W', ''),
(61, 51, '2021-04-21', '18:25:00', 7, 7, '642S', ''),
(62, 51, '2021-04-21', '18:27:00', 7, 7, '3535', ''),
(63, 52, '2021-04-21', '18:29:00', 7, 7, '062X', ''),
(64, 54, '2021-04-28', '18:49:00', 7, 7, '112S', ''),
(65, 55, '2021-05-01', '19:19:00', 7, 7, '970B', ''),
(66, 56, '2021-05-01', '20:22:00', 7, 7, '0427', ''),
(67, 57, '2021-05-01', '20:37:00', 7, 7, '2844', ''),
(68, 58, '2021-05-06', '11:39:00', 7, 7, '152K', ''),
(69, 59, '2021-06-06', '11:48:00', 3, 1, '9514', ''),
(70, 60, '2021-06-06', '14:31:00', 1, 1, '252X', '109573476820210606_143145.jpg'),
(71, 61, '2021-05-06', '14:32:00', 7, 7, '691K', ''),
(72, 62, '2021-06-06', '14:47:00', 3, 1, '9514', '52380251920210606_144740.png');

-- --------------------------------------------------------

--
-- โครงสร้างตาราง `points`
--

CREATE TABLE `points` (
  `PointsNumber` int(11) NOT NULL,
  `RewardPoints` double DEFAULT NULL,
  `DatePoints` datetime DEFAULT NULL,
  `TimePoints` time DEFAULT NULL,
  `RewardPoints_R` varchar(20) COLLATE utf8_unicode_ci DEFAULT NULL,
  `RewardPoints_E` varchar(20) COLLATE utf8_unicode_ci DEFAULT NULL
) ENGINE=InnoDB DEFAULT CHARSET=utf8 COLLATE=utf8_unicode_ci ROW_FORMAT=DYNAMIC;

-- --------------------------------------------------------

--
-- โครงสร้างตาราง `product_pixs`
--

CREATE TABLE `product_pixs` (
  `ProductID` int(11) NOT NULL,
  `Pno` int(11) NOT NULL,
  `NamePicture` varchar(200) COLLATE utf8_unicode_ci DEFAULT NULL
) ENGINE=InnoDB DEFAULT CHARSET=utf8 COLLATE=utf8_unicode_ci ROW_FORMAT=DYNAMIC;

-- --------------------------------------------------------

--
-- โครงสร้างตาราง `tbl_product`
--

CREATE TABLE `tbl_product` (
  `p_id` int(11) NOT NULL,
  `p_name` varchar(200) NOT NULL,
  `type_id` int(11) NOT NULL,
  `p_detail` text NOT NULL,
  `p_price` int(50) NOT NULL,
  `p_img` varchar(200) NOT NULL,
  `datesave` timestamp NOT NULL DEFAULT current_timestamp(),
  `PromotionID` int(11) NOT NULL
) ENGINE=InnoDB DEFAULT CHARSET=utf8 ROW_FORMAT=DYNAMIC;

--
-- dump ตาราง `tbl_product`
--

INSERT INTO `tbl_product` (`p_id`, `p_name`, `type_id`, `p_detail`, `p_price`, `p_img`, `datesave`, `PromotionID`) VALUES
(16, 'บราวนี่', 3, 'บราวนี่ช็อกโกแลต-เนื้อหนึบหนับ เนยแท้100% -ไม่มีสารเสริมสารกันเสีย- เก็บไว้อุณหภูมิ​ปกติ ได้ 7 วัน/ในตู้เย็นได้ 15 วัน                               ', 25, 'p_img151137747720201216_001804.jpg', '2020-12-15 17:18:04', 1),
(20, '', 0, '', 0, '144365987620210310_230543.jpg', '2021-02-02 04:45:57', 0),
(21, 'บราวนี่นูเทลล่า', 3, 'บราวนี่ช็อกโกแลตนูเทลล่า             ', 35, '98469018520210323_181511.jpg', '2021-03-10 16:35:16', 2),
(22, 'เค้กบราวนี่1P', 3, '☑️เนยแท้100% ☑️ดาร์กช็อคโกแลต 75% ไม่ใส่สารเสริม/สารกันเสีย *เก็บไว้อุณหภูมิ​ปกติ ได้ 7 วัน *เก็บไว้ในตู้เย็นได้ 15 วัน             ', 280, '123925489320210323_181521.jpg', '2021-03-10 16:47:53', 2),
(23, 'เค้กบราวนี่็ช็อคโกแลต2P', 3, 'พร้อมตกแต่ง☑️เนยแท้100% ☑️ดาร์กช็อคโกแลต 75% ไม่ใส่สารเสริม/สารกันเสีย *เก็บไว้อุณหภูมิ​ปกติ ได้ 7 วัน *เก็บไว้ในตู้เย็นได้ 15 วัน             ', 380, '188352160620210323_181533.jpg', '2021-03-10 16:49:10', 2),
(24, 'เค้กบราวนี่ชาเขียว1P', 13, '☑️เนยแท้100% ☑️ชาเขียวมัจฉะเกรดคุณภาพ -ไม่ใส่สารเสริม/สารกันเสีย *เก็บไว้อุณหภูมิ​ปกติ ได้ 7 วัน *เก็บไว้ในตู้เย็นได้ 15 วัน             ', 280, '9991668220210323_181543.jpg', '2021-03-10 16:53:11', 2),
(25, 'เค้กบราวนี่ชาเขียว2P', 3, 'พร้อมตกแต่ง☑️เนยแท้100% ☑️ชาเขียวมัจฉะเกรดคุณภาพ -ไม่ใส่สารเสริม/สารกันเสีย *เก็บไว้อุณหภูมิ​ปกติ ได้ 7 วัน *เก็บไว้ในตู้เย็นได้ 15 วัน             ', 380, '148925091720210323_181556.jpg', '2021-03-10 16:54:02', 2),
(26, 'ขนมปังนุ่ม ฝอยทอง', 1, '✅เนยสดแท้100% ไม่ใส่สารเสริม/สารกันเสีย ไม่มีไขมันทราน **เก็บไว้อุณหภูมิ​ปกติ3-4วัน             ', 12, '64038345320210323_181607.jpg', '2021-03-10 16:56:17', 2),
(27, 'ขนมปังนุ่ม ไส้ครีมนมสด', 1, '✅เนยสดแท้100% ไม่ใส่สารเสริม/สารกันเสีย ไม่มีไขมันทราน **เก็บไว้ในตู้เย็น1-3วัน **ควรอยู่ในที่เย็น             ', 12, '59672640020210323_181619.jpg', '2021-03-10 16:56:59', 2),
(28, 'ขนมปังนุ่ม ปูอัดน้ำสลัด', 1, '✅เนยสดแท้100% ไม่ใส่สารเสริม/สารกันเสีย ไม่มีไขมันทราน **เก็บไว้อุณหภูมิ​ปกติ3-4วัน             ', 12, '170094227320210323_181638.jpg', '2021-03-10 17:01:25', 2),
(29, 'ขนมปังนุ่ม โบโลน่าหมูหยองน้ำสลัด', 1, '✅เนยสดแท้100% ไม่ใส่สารเสริม/สารกันเสีย ไม่มีไขมันทราน **เก็บไว้อุณหภูมิ​ปกติ3-4วัน             ', 12, '44813819820210323_181653.jpg', '2021-03-10 17:02:17', 2),
(30, 'ขนมปังนุ่ม พิซซ่ามินิ', 1, '✅เนยสดแท้100% ไม่ใส่สารเสริม/สารกันเสีย ไม่มีไขมันทราน **เก็บไว้อุณหภูมิ​ปกติ3-4วัน             ', 12, '126685107420210323_181706.jpg', '2021-03-10 17:03:57', 2),
(31, 'ปังเนยนมสด', 1, '✅เนยสดแท้100% ไม่ใส่สารเสริม/สารกันเสีย ไม่มีไขมันทราน **เก็บไว้ในตู้เย็น1-3วัน **ควรอยู่ในที่เย็น             ', 29, '7940145220210323_181717.jpg', '2021-03-10 17:05:00', 2),
(32, 'ปังไมโลครีมนม', 1, '✅เนยสดแท้100% ไม่ใส่สารเสริม/สารกันเสีย ไม่มีไขมันทราน **เก็บไว้ในตู้เย็น1-3วัน **ควรอยู่ในที่เย็น             ', 29, '133332379220210323_181731.jpg', '2021-03-10 17:05:58', 2),
(33, 'ขนมปังแพ M', 1, 'ขนมปังแพ ขนาดไซต์M 24ลูก/แพ                          ', 100, '63929779620210323_181753.jpg', '2021-03-10 17:06:46', 2),
(34, 'ขนมปังแพ L', 1, 'ขนมปังแพ ขนาดไซต์L 20ลูก/แพ             ', 100, '23108785920210323_181807.jpg', '2021-03-10 17:07:33', 2),
(35, ' คุกกี้ คอนเฟลก', 2, '8 ชิ้น/ห่อ -เก็บได้นานมากกว่า1เดือนโดยอากาศไม่เข้า             ', 35, '42049159620210323_181822.jpg', '2021-03-10 17:18:07', 2),
(36, 'คุกกี้ข้าวโอ๊ตดาร์กช็อก', 2, '8ชิ้น/ห่อ -เก็บได้นานมากกว่า1เดือนโดยอากาศไม่เข้า             ', 35, '208293349820210323_181843.jpg', '2021-03-10 17:18:45', 2),
(37, 'เค้กกล้วยหอม', 13, '1กล่องมี2ชิ้น\n\n             ', 15, '124410435920210323_181915.jpg', '2021-03-10 17:19:33', 2);

-- --------------------------------------------------------

--
-- โครงสร้างตาราง `tbl_promotion`
--

CREATE TABLE `tbl_promotion` (
  `Pro_ID` int(11) NOT NULL,
  `Pro_Name` varchar(60) COLLATE utf8_unicode_ci NOT NULL,
  `Pro_Des` varchar(200) COLLATE utf8_unicode_ci NOT NULL,
  `Discount` double NOT NULL,
  `StartDate` date NOT NULL,
  `EndDate` date NOT NULL
) ENGINE=InnoDB DEFAULT CHARSET=utf8 COLLATE=utf8_unicode_ci ROW_FORMAT=DYNAMIC;

--
-- dump ตาราง `tbl_promotion`
--

INSERT INTO `tbl_promotion` (`Pro_ID`, `Pro_Name`, `Pro_Des`, `Discount`, `StartDate`, `EndDate`) VALUES
(4, 'ซื้อ 10 ชิ้น ฟรี 1 ชิ้น', 'ซื้อ 10 ชิ้น ฟรี 1 ชิ้น', 0, '2021-05-01', '2021-05-31');

-- --------------------------------------------------------

--
-- โครงสร้างตาราง `tbl_type`
--

CREATE TABLE `tbl_type` (
  `type_id` int(11) NOT NULL,
  `type_name` varchar(100) NOT NULL,
  `type_des` varchar(60) NOT NULL
) ENGINE=InnoDB DEFAULT CHARSET=utf8 ROW_FORMAT=DYNAMIC;

--
-- dump ตาราง `tbl_type`
--

INSERT INTO `tbl_type` (`type_id`, `type_name`, `type_des`) VALUES
(1, 'ขนมปัง', ''),
(2, 'คุกกี้', ''),
(3, 'บราวนี่', ''),
(13, 'เค้ก', '');

-- --------------------------------------------------------

--
-- โครงสร้างตาราง `user`
--

CREATE TABLE `user` (
  `ID` int(11) NOT NULL,
  `name` varchar(255) CHARACTER SET utf8 NOT NULL,
  `lastname` varchar(255) CHARACTER SET utf8 NOT NULL,
  `tel` varchar(255) CHARACTER SET utf8 NOT NULL,
  `birthdate` date DEFAULT NULL,
  `Picture` varchar(200) CHARACTER SET utf8 DEFAULT NULL,
  `FbID` varchar(60) CHARACTER SET utf8 DEFAULT NULL,
  `RemainingPoints` double DEFAULT 0,
  `username` varchar(255) CHARACTER SET utf8 NOT NULL,
  `password` varchar(255) CHARACTER SET utf8 NOT NULL,
  `email` varchar(255) CHARACTER SET utf8 NOT NULL,
  `T_Face` varchar(255) CHARACTER SET utf8 DEFAULT NULL,
  `addr` varchar(255) CHARACTER SET utf8 DEFAULT NULL,
  `status` int(11) NOT NULL,
  `trn_date` datetime DEFAULT NULL,
  `fb_id` varchar(255) CHARACTER SET utf8 DEFAULT NULL
) ENGINE=InnoDB DEFAULT CHARSET=utf8mb4 ROW_FORMAT=DYNAMIC;

--
-- dump ตาราง `user`
--

INSERT INTO `user` (`ID`, `name`, `lastname`, `tel`, `birthdate`, `Picture`, `FbID`, `RemainingPoints`, `username`, `password`, `email`, `T_Face`, `addr`, `status`, `trn_date`, `fb_id`) VALUES
(0, 'guest', 'guest', '', NULL, 'default_user.jpg', NULL, NULL, '', '', '', '', '', 0, NULL, ''),
(1, 'อมฤต', 'ละน้อย', '0908529709', NULL, '', NULL, NULL, 'dookprox1', '123456', 'dookprox1@gmail.com', '', '466/19 456', 2, NULL, ''),
(3, 'oiloil', 'oil', '', NULL, '168143618920210423_183807.jpg', NULL, 5, 'adminoil1', '123456', 'sellOil@gmail.com', '', '', 1, '2020-08-22 16:45:51', ''),
(4, 'useroil', 'lasoil', '0123456789', '2020-12-18', '140025020_461274638205659_8725058576104662482_n.jpg', NULL, 13, 'useroil', '123456', 'oil_2356@hotmail.com', '', '466/225', 2, '2020-08-22 16:46:41', ''),
(5, 'พนักงานน่ารักน่ารัก', 'ขายสินค้า', '0908529709', '1996-08-19', '140025020_461274638205659_8725058576104662482_n.jpg', NULL, NULL, 'selloil', '123456', 'sellOil@gmail.com', '', '466/19', 3, NULL, ''),
(7, 'กาญจนา', 'สุขใจ', '0945154789', NULL, NULL, NULL, NULL, 'baem24', '445599', 'ok-you@windowslive.com', '', '1234', 2, '2020-12-23 21:43:07', ''),
(8, 'อรพรรณ', ' ผันสนาม', '0947926493', NULL, NULL, NULL, NULL, 'Aom45', '669933', 'ok-you@windowslive.com', '', '', 2, '2020-12-23 21:45:15', ''),
(10, '7LS', '7LS', '1234567890', '0000-00-00', '183732763720210202_122423.gif', NULL, NULL, '7LS', '7LS', 'oil_2356@hotmail.com', '', '', 3, NULL, ''),
(12, 'Saven Todd', '7LS', '1234567890', '2021-01-27', '183732763720210202_122423.gif', NULL, NULL, 'SavenTodd', '123456', 'alphonse.mustang.wilson@gmail.com', '', '112/10 901', 0, NULL, '10207617313946822'),
(13, '7LS', '1234567890', '2021-01-29', '0000-00-00', '183732763720210202_122423.gif', NULL, 5, '7LS13', '123456', '59040427251@udru.ac.th', '', '10207617313946822', 3, NULL, ''),
(54, 'oil', 'oil', '0908529709', NULL, '22968102820210204_171616.jpg', NULL, NULL, 'adminoil2', '123456', 'sellOil@gmail.com', '', '', 1, '2021-02-02 00:04:02', ''),
(55, 'oil', 'oil', '0908529709', NULL, '3239158520210202_002006.jpg', NULL, NULL, 'selloil2', 'selloil2', 'sellOil@gmail.com', '', '', 3, '2021-02-02 00:20:06', ''),
(69, '7LS', '7LS', '7LS', NULL, '207298720720210202_010849.gif', NULL, NULL, '7LS', '7LS', '7LS', '', '7LS', 2, '2021-02-02 01:08:49', ''),
(10000, 'NEW', 'NEW', '0123456789', NULL, NULL, NULL, NULL, 'NEW', '123456', '0123@0123', NULL, NULL, 2, '2021-03-25 22:11:48', NULL),
(10001, 'NEW02', 'NEW', '0123456789', NULL, NULL, NULL, NULL, 'NEW01', '123456', '0123@0123', NULL, NULL, 2, '2021-03-25 22:15:34', NULL),
(10002, 'dook', 'dook', '01234567', NULL, NULL, NULL, NULL, 'dookdook', '123456', '123@1234', NULL, '1234/12345', 2, '2021-03-25 22:16:54', NULL),
(10003, 'dookdookdook', 'dookdookdook', '0123456789', NULL, '112256065220210325_221748.gif', NULL, NULL, 'dookdookdook', '123456', '123@123', NULL, '123/123', 2, '2021-03-25 22:17:47', NULL),
(10004, ' ออม', 'ออมงกเหนียวทรัพย์​', '061-4644923​', NULL, NULL, NULL, NULL, 'Aom12', '123456', 'Orapanaom.17@gmail.com', NULL, '447  ม.2', 2, '2021-03-25 22:34:02', NULL),
(10005, 'ออย', 'ออยผมยาว', '061-4644923​', NULL, NULL, NULL, NULL, 'Oil13', '123456', 'Oilorawan4321@gmail.com​', NULL, NULL, 2, '2021-03-25 22:35:18', NULL),
(10006, 'กนกวรรณ', ' ผันสนาม', '0945623215', NULL, NULL, NULL, NULL, 'yuan12356', '123456', 'pm@gmail.com', NULL, NULL, 2, '2021-04-03 21:09:23', NULL),
(10007, 'วรรณศิริ', 'สุขเสน', '0945154789', NULL, NULL, NULL, 473, 'KaiTok', '123456', 'wannasiri@udru.ac.th', NULL, NULL, 2, '2021-06-01 20:00:13', NULL);

-- --------------------------------------------------------

--
-- Stand-in structure for view `v_noti_bar`
-- (See below for the actual view)
--
CREATE TABLE `v_noti_bar` (
`id` int(11)
,`order_id` int(255)
,`type` int(255)
,`date` timestamp
,`accept_FK` int(255)
,`read_status` int(255)
,`notification_type` int(255)
,`notification_FK` varchar(255)
);

-- --------------------------------------------------------

--
-- Stand-in structure for view `v_payment`
-- (See below for the actual view)
--
CREATE TABLE `v_payment` (
`id` int(11)
,`order_id` int(11)
,`pay_date` date
,`pay_time` time
,`p_from_name` varchar(255)
,`p_from_s` varchar(255)
,`p_to_name` varchar(255)
,`p_to_s` varchar(255)
,`last_payment_id` varchar(4)
,`img` varchar(5000)
);

-- --------------------------------------------------------

--
-- Stand-in structure for view `v_product`
-- (See below for the actual view)
--
CREATE TABLE `v_product` (
`p_id` int(11)
,`p_name` varchar(200)
,`type_id` int(11)
,`type_name` varchar(100)
,`p_detail` text
,`p_price` int(50)
,`p_img` varchar(200)
);

-- --------------------------------------------------------

--
-- Stand-in structure for view `v_receipt`
-- (See below for the actual view)
--
CREATE TABLE `v_receipt` (
`OrderID` int(11)
,`OrderDate` timestamp
,`MemberID` varchar(255)
,`name` varchar(255)
,`lastname` varchar(255)
,`tel` varchar(255)
,`email` varchar(255)
,`addr` varchar(255)
,`detail_id` int(255)
,`Number` int(255)
,`Price` decimal(10,2)
,`ProductID` int(255)
,`p_total` decimal(65,2)
,`p_name` varchar(200)
,`p_detail` text
,`accept_FK` int(255)
,`lat` varchar(255)
,`lng` varchar(255)
,`PayStatus_W` varchar(50)
,`cus_name` varchar(255)
,`MapLocation` varchar(255)
,`phone_order` varchar(10)
,`order_total` int(11)
,`PointsNumber` int(11)
);

-- --------------------------------------------------------

--
-- Structure for view `noti_ul`
--
DROP TABLE IF EXISTS `noti_ul`;

CREATE ALGORITHM=UNDEFINED DEFINER=`id16349131_shopping_db`@`%` SQL SECURITY DEFINER VIEW `noti_ul`  AS  select `orders`.`OrderID` AS `OrderID`,`orders`.`OrderDate` AS `OrderDate`,`orders`.`MemberID` AS `MemberID`,`orders`.`notification_FK` AS `notification_FK`,`orders`.`notification_type` AS `notification_type`,`orders`.`read_status` AS `read_status`,`orders`.`accept_FK` AS `accept_FK`,`orderdetails`.`Price` AS `Price`,`orderdetails`.`Number` AS `Number`,sum(`orderdetails`.`Price` * `orderdetails`.`Number`) AS `sum`,`orders`.`PayStatus_W` AS `PayStatus_W`,`orderdetails`.`ProductID` AS `ProductID`,`tbl_product`.`p_name` AS `p_name`,`orderdetails`.`total` AS `total` from ((`orders` join `orderdetails` on(`orders`.`OrderID` = `orderdetails`.`OrderID`)) join `tbl_product` on(`orderdetails`.`ProductID` = `tbl_product`.`p_id`)) group by `orders`.`OrderID`,`orders`.`OrderDate` ;

-- --------------------------------------------------------

--
-- Structure for view `v_noti_bar`
--
DROP TABLE IF EXISTS `v_noti_bar`;

CREATE ALGORITHM=UNDEFINED DEFINER=`id16349131_shopping_db`@`%` SQL SECURITY DEFINER VIEW `v_noti_bar`  AS  select `noti_bar`.`id` AS `id`,`noti_bar`.`order_id` AS `order_id`,`noti_bar`.`type` AS `type`,`noti_bar`.`date` AS `date`,`orders`.`accept_FK` AS `accept_FK`,`orders`.`read_status` AS `read_status`,`orders`.`notification_type` AS `notification_type`,`noti_bar`.`n` AS `notification_FK` from (`noti_bar` join `orders` on(`noti_bar`.`order_id` = `orders`.`OrderID`)) ;

-- --------------------------------------------------------

--
-- Structure for view `v_payment`
--
DROP TABLE IF EXISTS `v_payment`;

CREATE ALGORITHM=UNDEFINED DEFINER=`id16349131_shopping_db`@`%` SQL SECURITY DEFINER VIEW `v_payment`  AS  select `payment`.`id` AS `id`,`payment`.`order_id` AS `order_id`,`payment`.`pay_date` AS `pay_date`,`payment`.`pay_time` AS `pay_time`,`payfrom`.`bank_name` AS `p_from_name`,`payfrom`.`bank_s` AS `p_from_s`,`payto`.`bank_name` AS `p_to_name`,`payto`.`bank_s` AS `p_to_s`,`payment`.`last_payment_id` AS `last_payment_id`,`payment`.`img` AS `img` from ((`payment` left join ((select `bank_type`.`id` AS `id`,`bank_type`.`bank_name` AS `bank_name`,`bank_type`.`bank_s` AS `bank_s` from `bank_type`)) `payfrom` on(`payment`.`payfrom` = `payfrom`.`id`)) left join ((select `bank_type`.`id` AS `id`,`bank_type`.`bank_name` AS `bank_name`,`bank_type`.`bank_s` AS `bank_s` from `bank_type`)) `payto` on(`payment`.`payto` = `payto`.`id`)) ;

-- --------------------------------------------------------

--
-- Structure for view `v_product`
--
DROP TABLE IF EXISTS `v_product`;

CREATE ALGORITHM=UNDEFINED DEFINER=`id16349131_shopping_db`@`%` SQL SECURITY DEFINER VIEW `v_product`  AS  select `tbl_product`.`p_id` AS `p_id`,`tbl_product`.`p_name` AS `p_name`,`tbl_type`.`type_id` AS `type_id`,`tbl_type`.`type_name` AS `type_name`,`tbl_product`.`p_detail` AS `p_detail`,`tbl_product`.`p_price` AS `p_price`,`tbl_product`.`p_img` AS `p_img` from (`tbl_product` join `tbl_type` on(`tbl_product`.`type_id` = `tbl_type`.`type_id`)) ;

-- --------------------------------------------------------

--
-- Structure for view `v_receipt`
--
DROP TABLE IF EXISTS `v_receipt`;

CREATE ALGORITHM=UNDEFINED DEFINER=`id16349131_shopping_db`@`%` SQL SECURITY DEFINER VIEW `v_receipt`  AS  select `orders`.`OrderID` AS `OrderID`,`orders`.`OrderDate` AS `OrderDate`,`orders`.`MemberID` AS `MemberID`,`user`.`name` AS `name`,`user`.`lastname` AS `lastname`,`user`.`tel` AS `tel`,`user`.`email` AS `email`,`user`.`addr` AS `addr`,`orderdetails`.`detail_id` AS `detail_id`,`orderdetails`.`Number` AS `Number`,`orderdetails`.`Price` AS `Price`,`orderdetails`.`ProductID` AS `ProductID`,sum(`orderdetails`.`Price` * `orderdetails`.`Number`) AS `p_total`,`tbl_product`.`p_name` AS `p_name`,`tbl_product`.`p_detail` AS `p_detail`,`orders`.`accept_FK` AS `accept_FK`,`orders`.`lat` AS `lat`,`orders`.`lng` AS `lng`,`orders`.`PayStatus_W` AS `PayStatus_W`,`orders`.`cus_name` AS `cus_name`,`orders`.`MapLocation` AS `MapLocation`,`orders`.`phone_order` AS `phone_order`,`orderdetails`.`total` AS `order_total`,`orders`.`PointsNumber` AS `PointsNumber` from (((`orders` left join `user` on(`orders`.`MemberID` = `user`.`ID`)) left join `orderdetails` on(`orders`.`OrderID` = `orderdetails`.`OrderID`)) join `tbl_product` on(`orderdetails`.`ProductID` = `tbl_product`.`p_id`)) group by `orders`.`OrderID`,`orderdetails`.`detail_id` ;

--
-- Indexes for dumped tables
--

--
-- Indexes for table `bank_type`
--
ALTER TABLE `bank_type`
  ADD PRIMARY KEY (`id`);

--
-- Indexes for table `chat`
--
ALTER TABLE `chat`
  ADD PRIMARY KEY (`chat_id`);

--
-- Indexes for table `noti_bar`
--
ALTER TABLE `noti_bar`
  ADD PRIMARY KEY (`id`);

--
-- Indexes for table `orderdetails`
--
ALTER TABLE `orderdetails`
  ADD PRIMARY KEY (`detail_id`) USING BTREE;

--
-- Indexes for table `orders`
--
ALTER TABLE `orders`
  ADD PRIMARY KEY (`OrderID`) USING BTREE;

--
-- Indexes for table `payment`
--
ALTER TABLE `payment`
  ADD PRIMARY KEY (`id`);

--
-- Indexes for table `points`
--
ALTER TABLE `points`
  ADD PRIMARY KEY (`PointsNumber`) USING BTREE;

--
-- Indexes for table `tbl_product`
--
ALTER TABLE `tbl_product`
  ADD PRIMARY KEY (`p_id`);

--
-- Indexes for table `tbl_promotion`
--
ALTER TABLE `tbl_promotion`
  ADD PRIMARY KEY (`Pro_ID`);

--
-- Indexes for table `tbl_type`
--
ALTER TABLE `tbl_type`
  ADD PRIMARY KEY (`type_id`);

--
-- Indexes for table `user`
--
ALTER TABLE `user`
  ADD PRIMARY KEY (`ID`);

--
-- AUTO_INCREMENT for dumped tables
--

--
-- AUTO_INCREMENT for table `bank_type`
--
ALTER TABLE `bank_type`
  MODIFY `id` int(11) NOT NULL AUTO_INCREMENT, AUTO_INCREMENT=7;

--
-- AUTO_INCREMENT for table `chat`
--
ALTER TABLE `chat`
  MODIFY `chat_id` int(11) NOT NULL AUTO_INCREMENT, AUTO_INCREMENT=53;

--
-- AUTO_INCREMENT for table `noti_bar`
--
ALTER TABLE `noti_bar`
  MODIFY `id` int(11) NOT NULL AUTO_INCREMENT, AUTO_INCREMENT=174;

--
-- AUTO_INCREMENT for table `orderdetails`
--
ALTER TABLE `orderdetails`
  MODIFY `detail_id` int(255) NOT NULL AUTO_INCREMENT, AUTO_INCREMENT=75;

--
-- AUTO_INCREMENT for table `orders`
--
ALTER TABLE `orders`
  MODIFY `OrderID` int(11) NOT NULL AUTO_INCREMENT, AUTO_INCREMENT=63;

--
-- AUTO_INCREMENT for table `payment`
--
ALTER TABLE `payment`
  MODIFY `id` int(11) NOT NULL AUTO_INCREMENT, AUTO_INCREMENT=73;

--
-- AUTO_INCREMENT for table `points`
--
ALTER TABLE `points`
  MODIFY `PointsNumber` int(11) NOT NULL AUTO_INCREMENT;

--
-- AUTO_INCREMENT for table `tbl_product`
--
ALTER TABLE `tbl_product`
  MODIFY `p_id` int(11) NOT NULL AUTO_INCREMENT, AUTO_INCREMENT=38;

--
-- AUTO_INCREMENT for table `tbl_promotion`
--
ALTER TABLE `tbl_promotion`
  MODIFY `Pro_ID` int(11) NOT NULL AUTO_INCREMENT, AUTO_INCREMENT=5;

--
-- AUTO_INCREMENT for table `tbl_type`
--
ALTER TABLE `tbl_type`
  MODIFY `type_id` int(11) NOT NULL AUTO_INCREMENT, AUTO_INCREMENT=14;

--
-- AUTO_INCREMENT for table `user`
--
ALTER TABLE `user`
  MODIFY `ID` int(11) NOT NULL AUTO_INCREMENT, AUTO_INCREMENT=10008;
COMMIT;

/*!40101 SET CHARACTER_SET_CLIENT=@OLD_CHARACTER_SET_CLIENT */;
/*!40101 SET CHARACTER_SET_RESULTS=@OLD_CHARACTER_SET_RESULTS */;
/*!40101 SET COLLATION_CONNECTION=@OLD_COLLATION_CONNECTION */;
